"","PC1","PC2","PC3","PC4","PC5","PC6","PC7","PC8","PC9","PC10","PC11","PC12","PC13","PC14","PC15","PC16","PC17","PC18","PC19","PC20","PC21","PC22","PC23","PC24","PC25","PC26","PC27","PC28","PC29","PC30","PC31","PC32","PC33","PC34","PC35","PC36","PC37","PC38","PC39","PC40","PC41","PC42"
"1",-0.902104090204127,0.692235579559137,0.14470824035247,1.25361902767799,-0.578785516206285,0.463676818303255,-0.137112924369117,0.453505568862034,-0.00173573193192818,0.947201000013984,-0.134002588757292,0.375339887592062,-0.343171290674237,0.421874877348505,-0.186147645428999,0.623205468249055,0.0684751729102808,-0.235145392934641,0.380705932637334,0.288765305101535,0.349026854460952,-0.102051121452528,-0.189286430710501,-0.194678551045169,0.138748885598048,0.213751238099942,0.243156045479116,0.140417909518853,-0.0363007642487044,-0.13544996626133,-0.021102906516149,-0.00231001108283982,-0.0515003157889391,-0.00381034492633306,-0.0188522740891729,-0.0175350846653095,-0.0134613807409874,0.0604873169077513,0.0280235686899308,0.00285183594817014,0.00311802534048415,6.51388665229291e-16
"10",-5.44014700302411,0.199954118100931,0.0421661848154293,-0.685295529113285,0.377181592940878,-0.200711064116672,0.154326323118407,0.0209886185787513,0.302644125819187,-0.585344490129367,0.00422391439385063,-0.210332984124168,-0.145045541535146,0.41527696679287,0.369349070581002,-0.209501372639969,-0.357486448749793,0.238075227907011,0.10342918492356,-0.0150511441666566,0.215691246769987,0.110800216756195,-0.104477652120737,0.0366690320938631,0.152306992248169,-0.114572657084721,0.163379865629665,0.256402148918558,0.111962503566132,0.105973757996845,0.177968861200355,0.220137352060069,0.268280764188835,0.107193323197986,-0.141142710803385,-0.0110491589232273,0.028644233396094,0.045816489634977,0.103306056603301,-0.0255169044056523,0.0226558090782981,1.31145094783847e-15
"11",2.84286946587613,-0.537235128416063,-0.979283133972425,1.26965848446205,-0.745553125476892,-0.927947000852186,0.654062212885101,-0.176145580353397,-1.97631835288394,-1.20991288979788,-1.01125379449638,0.101662671041718,-0.0900531989058379,0.396507459890295,0.224010858182921,0.26274571527941,0.193728262018565,-0.224360777045676,-0.0688971473794809,-0.0814302906569603,-0.0537725681783537,-0.0584490461482245,-0.0543530718758575,0.0570447318497245,-0.0305266387206665,0.00140364561654586,0.0168816196176333,0.000381983026054826,0.0868142215953388,0.00221980860775833,0.0121447150021884,-0.00222482511388133,-0.00778650511480188,0.00412181281340823,0.0439897030136678,-0.00522830500924215,0.000314354931859725,-0.0114706605231911,-0.00921894879062969,0.0152398503321067,0.00128095340160425,1.90819582357449e-16
"12",-4.59452611512193,-0.245412228151668,-1.12394042391049,-0.298883368404912,0.514543506066431,-0.209516194998662,0.127133040822427,-0.1049422616613,0.182121311815395,-0.237861517861011,-0.132139372177121,-0.0353004410857178,-0.125838819179104,0.161845206674446,0.199989391925004,-0.0263013497825411,-0.175855113987865,-0.117666749038032,0.00985041143364734,0.015450674057373,0.10865851022662,0.224757133591397,0.0344733560514507,-0.133644397161264,-0.0569268684893981,0.042198783993717,-0.201495998270902,-0.0960034292895889,-0.111878199072758,-0.0681734813813892,-0.0370844756626629,-0.41732430758156,0.127439357698966,-0.0669171531497535,-0.193174440605763,-0.0356704584661753,-0.184378903740937,0.0942625847893339,0.0904925295427176,-0.021929140873563,-0.0763557465946015,9.00321484031963e-16
"13",-5.08205276592192,0.188361470029883,1.87702526275465,-0.45117114853208,-0.383476188989224,0.0602655457986567,-0.326576776950973,-0.196033304845872,0.205746398466673,-0.124779617596507,0.0919120512095009,-0.173963583252968,-0.0194296943933956,-0.0294878400463324,-0.210798106543166,0.281782316345826,0.098888237025436,-0.386724321148998,0.014519805145119,-0.0233161893305618,-0.0221944551949976,0.0751895427072869,0.100225710970035,0.0580509646480603,0.181717244626299,0.00788499057111103,-0.0484440792730974,0.0365800635650507,0.147261949632949,0.282611099845911,-0.186381980350843,-0.00450827630575448,0.186958093665452,0.0442988390289794,0.0128217228932757,-0.0655647481224642,-0.0730039473015796,0.101864179890051,-0.260608006500182,-0.0298934173451271,-0.0532581076792747,5.66387214906428e-16
"14",-5.28594265436068,0.325646759489117,2.54421060144359,-0.608768920998128,-0.57116566469079,0.057623596422146,-0.577006068923706,-0.300909839026655,0.0719604888186935,-0.240990024709256,0.296268451194328,-0.107386460571274,0.131864303245298,-0.0610381486807662,-0.175147371216961,0.104715421585549,0.379060900972937,-0.291805464407015,-0.0697473194765447,0.0231915540423216,-0.0948113615898393,-0.150075030485124,-0.01921052446813,-0.0284905738093763,0.0382365787805712,-0.0176416745768634,-0.0736366627450998,0.0605458632795355,0.204559935189059,0.196508547298589,-0.0834759044359392,-0.0708115628758581,-0.0610629894291511,-0.148435698469511,0.0482228588286266,0.0318941333016016,0.0216674728234299,-0.0147554372855706,0.293633874950144,-0.0222628130375454,0.0605726463163704,1.47885176327023e-15
"15",-3.14156339235375,-0.248128034590794,-1.28421278720326,-0.260838610198987,0.468966990560677,-0.334345139360097,0.104672780777066,0.243206640380321,0.0990406951437289,-0.244202888479012,0.00946465163551631,0.191517142620137,0.162215910564073,0.0966113623546909,-0.248368317737326,-0.270855735952403,0.285192769293721,0.0365953959034559,0.0378293339517904,-0.559227885650799,0.0186771646169888,-0.0665625771715249,0.16294062989063,-0.402642986656454,0.181322450383439,-0.0204813194390791,0.348394552189998,-0.128484065809927,-0.251858066568777,0.185298865922206,-0.0162397591802073,0.0591280014807413,-0.0346328212163091,-0.164164021755884,0.00890487550349012,-0.0368733497041627,-0.0104781283710202,1.37182034816536e-05,-0.00370418436540872,-0.0192643166693202,-0.0130125267138695,1.54216917014338e-15
"16",-7.18152051290828,-0.0915440862660232,-1.44051034521236,-0.656692858187944,0.960530319138475,-0.032834837015616,0.123335920503128,-0.28468212622337,0.433480191562123,0.0116890927905558,-0.197286484363539,0.137158781720992,0.295558745478444,0.0260682334075293,-0.00224161041605928,-0.105248134081083,0.261097390060949,-0.0233462331077432,-0.294557236030876,0.177758308157152,-0.445257279632255,-0.0737348067985485,0.0958252609027608,0.0339995175438967,-0.101488915584867,0.215431457179795,0.191570458161535,0.0910884644872699,0.108596227350053,-0.0616982723424037,0.0032283731154607,0.0742139236685199,-0.14655328662346,0.124898777911337,-0.0719650022966554,0.0534622978263288,-0.166757738718126,0.189344024828634,-0.00901225880257049,0.101116346319895,0.0922301622851909,-4.78783679369599e-16
"17",-5.25853657271549,-0.31619760836662,-0.43625754483407,0.236279414751138,-0.0809234795827767,-0.0504602913448175,0.401293337022196,-0.514115206687156,0.172672650802031,0.430714836458736,-0.2588026853214,1.72339295571797,0.627500517162645,0.0127821365403741,-0.0460298318036787,-0.202096521364514,-0.444655295381899,-0.198642641476404,-0.0275119307601438,0.0282013545233163,0.164407557731778,-0.23010760735827,-0.00360977408747322,0.184955423354228,-0.00739839990360354,-0.139366796919653,-0.155214887986533,-0.0602975169887129,-0.0152121723689601,0.0925726668101413,0.0186957144645448,0.0477473124511662,0.0345410182670492,-0.0246166319053981,0.0142303094730257,-0.00126998833150746,0.0154626753340717,0.0154949335907765,0.00580136857349906,-0.00502189806924383,0.00494602281756948,1.33747179997812e-15
"18",-5.65439329234824,0.326089317276995,2.05139078927376,-0.438338260882639,-0.572711437378432,0.178014161563947,-0.392881491255013,-0.451059708306324,-0.171687098349553,-0.150507578792835,0.0691793436255882,-0.0918941844731573,0.259582321176964,-0.00995735095612332,-0.12603681273112,-0.0156671859352552,0.219890147815295,0.0238998825960018,-0.159025526918486,0.119308025218612,0.0655938683595593,-0.216119141905046,0.00277404871313365,0.00155956356890322,-0.12202920450819,-0.0306414342384446,0.0854131152801168,0.137037076958985,-0.229234336729863,0.050212177918994,0.350736364082799,-0.124398476457051,-0.112767082198751,0.227437416271061,0.0104388119748444,-0.0533923603297634,-0.102226192912124,-0.126703387613803,-0.0331668720322632,-0.0708276643623607,-0.110843207747722,-1.02608893604028e-15
"19",-0.697350870928336,-0.0872485992901142,1.02644730207043,2.96000082397055,-1.30055272643712,0.334386026611665,2.23461844253218,1.34265266417096,1.38140826038992,-0.728870131349856,-0.237660864619734,-0.102617733559891,0.114464231945727,-0.388190625415947,-0.0319278423955545,-0.0890289426049495,0.0745400808310567,0.0145733153717978,-0.0742921570323932,0.0684580007085044,-0.0473252695739209,-0.014356223802203,0.0418812040783635,0.014387334345603,-0.00957570418113479,-0.00846783277170677,-0.02586837985126,0.0234392500625589,-0.00270194057276664,-0.00966180703198817,0.00109601445633192,-0.0129418587499077,-0.0224281275649314,0.000709549528366259,-0.0161364834439893,0.00816957194679582,0.00995563374105442,-0.00899897870358149,0.00213455987020404,-0.00555760302968547,-0.0117402502857491,-7.4419637119405e-16
"2",-6.43548924529099,0.052946318593897,-0.46472838112212,-0.151432328424015,0.433597194345256,0.138731598521206,0.0748862044175526,-0.203762594781981,-0.0983112869528046,0.474918872286404,-0.38148647102658,-0.150714425762054,0.0585732643014541,-0.241943203864329,0.0141237896575354,-0.0132856514358818,0.0918799590207728,-0.0833876268390473,0.00322660689190457,-0.0150713282820987,-0.199455581794142,0.0877884394831982,-0.0453764265462359,0.0410860413427388,-0.0868958131252992,0.00573593360442048,0.0895536422913333,-0.0258687302665832,0.0488209783851138,-0.0508145052504079,-0.0585723774007802,0.0721819866019399,0.000760175450850404,0.00175458132205971,-0.0403301699689246,0.232386698828072,0.204822895404541,0.0647969790898178,0.0375101768627075,-0.0844984326261839,-0.282427717393093,-5.62050406216485e-16
"20",-5.60034329596771,0.13717780531252,0.533835556655689,0.292129078220562,-0.20839836154733,0.145181797747268,0.223106513055167,-0.0373496516570522,-0.373977104874251,0.467657533397175,-0.398371267004124,-0.0118145334844757,0.0369626955837532,-0.328484070042424,-0.20589704029928,-0.146758386568911,-0.480125278275751,0.46070425469038,0.000615955091009688,-0.20156323043238,-0.00365304657150733,0.246470950798672,-0.228918677032358,0.00849962523926611,-0.119975576507255,0.264032285979308,0.218948687684063,-0.124492859682062,0.119517707263783,0.163748710760866,-0.0911385059763652,-0.215567383199873,0.0445603707082383,0.163335726980168,0.143650716213708,-0.000831703916930502,0.0256412786733654,-0.048349520457018,0.0231867486068273,-0.0322873047808719,0.0844676416950609,5.3776427755281e-16
"21",-2.94661384111159,-0.213676927078852,-1.65311700097106,0.499688511337514,0.233346671825535,-0.384309444687731,0.20306543358148,-0.271904909223764,-0.196900843856605,-0.106143107756478,0.474238525057665,0.380114599182809,-0.435060147796938,-0.063674845032267,-0.598782488145307,0.595034832738661,0.0130841651769525,0.495655050140501,-0.45598505915984,0.412219358312227,-0.0957995800088452,0.248207523598219,0.164025553700368,-0.188718419086222,0.0305653675724579,-0.200815121307183,-0.0779188109772922,0.0735585587581864,-0.0696482204443269,0.0920731468596021,-0.0551215630195507,0.0317753609350337,0.053242742025692,0.0277611101240787,0.0157069433128089,0.0101001798018499,0.0531923997852652,-0.0597541687737084,0.0253201216014959,0.0248711190924889,-0.00350287455056139,1.94289029309402e-16
"22",-6.61807441473283,0.0438216293094452,-0.803505171753746,-0.361156488978564,0.478050274660726,0.168525104115721,0.217829581960519,-0.199648876988843,0.214929929579627,0.0951304054982219,-0.240033659719558,-0.406706771834696,-0.126216777952453,-0.0881955917750353,0.242662532723312,0.0640329767235235,-0.00319469883052759,0.0612081764118228,-0.0724943658522242,0.151349124336108,0.0743306315359091,0.0198895103261582,0.0522384097125662,0.278202011555825,0.036656589409556,0.132471153715539,-0.0523883617685529,-0.129058401435957,-0.144127200090116,-0.0547188200864748,-0.0824837829343139,0.202666112811062,0.000451338190437446,-0.0446181043404574,0.240601474385564,-0.311221469299919,-0.055461388485429,0.0410749846832712,0.101157129984708,-0.0173421389461293,-0.0890764780848706,2.43902120722339e-15
"23",10.3751275038517,-1.57681109756646,-0.411238067332341,-1.08297849007997,-0.358267807251294,0.710807407446135,-1.3208783990339,1.32642268121672,0.0894482137971026,-0.082663394454438,-0.219340629806997,-0.0120948040675891,1.20251775534632,-0.0339685414731988,0.502931287130555,0.619571120716773,-0.0338666998668243,0.170442704831799,-0.147852635763308,0.0217672474510533,0.00921516910402822,0.197487898504855,-0.0611086198375347,-0.0504447926700619,-0.00787518144956232,-0.049344471553135,7.99089214410346e-05,-0.0100292368642678,-0.0256138604007135,0.0431244208646871,-0.0208348469315966,0.0128021163131196,-0.0201872667956859,-0.00562963635869004,-0.00856250880638871,-0.00983791110785674,0.0130349933555027,-0.00314031965094028,0.00249018242228398,-0.00559125529870587,0.000590944564576392,-1.04083408558608e-17
"24",-1.80165648125286,-0.416153371967027,-0.0846631249831903,-0.37211963256908,0.00951724032532211,-0.10096936478217,0.00475132034680842,0.762611870161038,-0.579170608748113,0.462140605769442,-0.0608647940972631,-0.184134244705614,0.155493325980736,-0.0783283457758952,-0.190832220448984,-0.0422128288034041,-0.195249863149102,0.363542563329457,0.140610523692031,-0.180101795962757,-0.117030674657134,-0.502021458882664,0.436916980190145,-0.207888547517946,0.162615583290333,0.00864057634092174,-0.174639787466342,0.0580513077642098,0.2520415424312,-0.219504287429436,-0.00848613529875678,-0.0382849630678869,0.0824471251946401,0.0881366671744418,0.00283238058215747,-0.0765456872191635,-0.00567663442544972,-0.0140730254700351,0.0147841740917757,-0.0236152060089893,-0.0346263039630029,7.05165092984572e-16
"25",-1.48226845857105,-0.615714246308441,-0.849517772148776,0.00278697403299035,0.00902996552828953,-0.414493224532258,-0.0301595609078605,0.485922155430424,-0.506342279458552,-0.0290925925905148,0.941142478698939,0.417616169785217,-0.263016669845909,-0.589304941090425,0.395684848199657,-0.154825862447401,0.252902129712635,-0.0133528278458148,-0.0278668016336033,-0.199973892071807,-0.12898717590563,0.0569852889933308,-0.335206167222883,0.0789521190711192,0.456198173092019,0.212082268423254,-0.220181520496381,0.105990198061691,-0.0803317540653176,0.00291583257915247,0.0443480684077042,-0.033480342290844,-0.0793194786807957,0.102849347591571,-0.00276542749974859,0.012624240734434,0.0372238895537365,0.0104525501364126,-0.00516268800521197,0.0325007301526648,-0.0153488483463655,1.23035262533655e-15
"26",-1.45910475728132,-0.707583778106421,-0.16978639158401,0.0217204662961425,-0.49797298047874,-0.322980539686893,-0.0816940975601824,0.554007849804933,-0.672277367339193,0.302083042880558,0.782526510548529,0.343938336881194,-0.341746765090274,-0.636365196835097,0.644125782256442,-0.259306386379265,0.295083880384443,-0.101589035112235,0.101523016843497,0.136899515352952,0.314362500991928,0.122747960719572,0.321920273537467,0.0037649603569941,-0.397765014676898,-0.0986879851305275,0.201254816554588,0.0422846163147231,0.114304701369807,0.0187402973123495,-0.0526212047020072,0.0150856106532289,0.0102745330787621,-0.0276204635157352,0.00213708598869429,-0.0222852725405817,-0.0377618006232576,-0.00190171913632812,-0.0204439194488146,-0.0144279703354639,0.0122149288452286,6.82180006927879e-16
"27",3.39141274367032,-1.34579844402205,-1.48921417008785,0.0195295796159492,-0.472597268280558,-0.501906095990149,-0.595438839294697,0.611471494182236,-0.40461430189615,-0.338123176162189,0.572346064523525,-0.477600517899377,0.3890040038174,-0.0333934101251343,-0.750702559094979,-0.472203034493281,-0.549607203475592,-0.65497512023818,-0.0316509151616417,0.273582729211857,-0.0355551522803399,0.0976440672525508,0.00694749228842953,0.0506351378412085,-0.00550507379396661,0.0804747173741341,0.0769673512931549,0.0688051363155792,-0.0865249917352299,-0.115350085488068,0.00702383103305568,0.0248575309749418,0.0828232417437667,-0.00568209284183542,0.0692343485196932,0.0307009092229424,0.0176171981354231,-0.0281374389873908,0.0160983722606189,-0.0129897502695117,0.0198905606987166,5.9240806704608e-16
"28",-3.37784599962519,-0.40855096344949,-1.23998263295783,-0.307662735048451,0.35724160816721,-0.13997434079262,0.0923808948738865,0.201073391242376,-0.172466970401931,-0.257916772475667,0.195191986954212,-0.544015924014928,0.0125318014703844,0.0777717410460507,-0.210988390509937,-0.187433667281073,-0.267635478776518,0.258049507721685,0.231647398350768,0.200868846020923,0.260960978387912,-0.198467710679778,-0.28328069368442,-0.0432607377106653,-0.0993749988609736,-0.17791428109116,-0.110239194860844,-0.0385423157055446,0.132012350515641,0.203248532021919,-0.0303634011564831,-0.0173936831739777,-0.378283854867717,-0.0600459745961962,-0.0829750604744888,-0.0758037440924926,0.0483683300374315,0.0952012193732434,-0.0697196422892568,0.0347794750263874,-0.0350337412472029,6.59194920871187e-17
"29",1.61165810833953,-0.849290284691564,0.151002343092822,0.998343903276413,-0.565054935842825,0.139591656820275,-0.302422609486551,0.936546094948663,-0.0973199155467477,1.19528438020127,0.069732244955882,-0.145678056724135,-0.245509438578684,1.15949901011953,-0.0303361230273873,-0.511346064665894,0.409816209209607,0.0726971862364676,-0.454441115545123,-0.0872529629873658,-0.0308329894740288,0.0817837439649619,-0.084519120179049,0.139774664713874,-0.0477265702927835,-0.0765761411816025,-0.118106743727067,-0.0863003800633389,0.04147316659681,0.0662070346185586,0.0475605784366208,-0.00375148258709916,0.0434443753587306,-0.0142502525742744,0.0166545257835827,0.0076279529230496,-0.00922908962597698,0.004621235512507,-0.0163915242890524,0.00289780937558243,-2.99434676410147e-05,3.05094491337421e-16
"3",-5.02412850133835,0.30548144576894,2.2631024785826,-0.291109287927481,-0.806486559833467,0.148946499500107,-0.297766448820996,-0.411972496609943,-0.180041934473082,-0.378500514837995,0.231779717561424,0.00615305901085442,0.246908365667588,0.0194855764208845,-0.15730450360883,-0.0953253660994078,0.0581566681797783,0.180002377081777,-0.142373028192251,-0.0542691949158676,0.270463714958227,0.0302144671363743,-0.0184009637204447,0.0228377167345874,-0.0207470422701652,0.138345165387445,0.0506661149864087,-0.183634491341651,-0.00327442054062426,-0.185099207833442,-0.0556148107214747,0.0451929456745477,0.0805045394366883,-0.0460724875272826,-0.120779691150795,-0.0200941542170065,0.085889340430394,-0.0514971947636657,-0.0204254899207354,0.300290094411448,-0.0603805576201885,1.35308431126191e-16
"30",-6.05249885325802,0.193683236598368,-0.218501074371813,-0.563684141581813,0.558492225289457,0.0181667856971123,-0.050803283209647,-0.292719017893711,0.595670643137809,-0.28014372797567,0.0303780912463541,0.00829971137019776,0.0501264317537387,0.167232780915345,0.081424374033646,0.0328786434946488,0.243872840786871,-0.137146104460772,0.0290092424352525,-0.186344961677259,0.0421990647255215,0.0693212563684382,-0.0620105719276082,-0.1716483883023,-0.165875664605753,-0.163611005968307,-0.0779362537419346,0.163751040553703,-0.016659623294653,-0.209065813149802,0.110828172381795,-0.183261875305882,0.050316164300668,0.0200682666071116,0.22514190980982,-0.0628444009548538,0.265808035796342,0.141483596945681,-0.0666875975583711,0.0268237572707109,0.0842217370813397,-1.08767161943746e-15
"31",-5.88973620876015,0.0950207978568721,-1.483384432682,-0.520227735899866,1.0567200249493,-0.0178828413328748,0.00608485558035093,-0.21768169293666,0.723377560046953,-0.138583455854459,-0.0522477661782376,0.119091513820164,0.024151404362707,0.0880091412512293,-0.0506115105742397,0.0296461256643475,0.230569587073738,-0.237328415141852,-0.0682504147381975,-0.154851667584064,0.0511470805159418,0.116831482544342,-0.249495269191928,-0.0225719701931264,0.000217810089456376,-0.092000197376455,0.043812378211932,0.00476819450773336,0.261568249211986,-0.21969737335324,-0.136392274157757,0.0345722602495932,-0.0619506311874633,0.0179088143640102,-0.066679404204578,-0.0766465262832549,-0.0642924765946648,-0.312273829193189,-0.0498082260003405,-0.0719207294792643,0.00262952437272621,-1.37216626949765e-15
"32",-1.46349043908548,0.22175985982523,-1.10058442614836,0.195350996541232,0.109840359694229,-0.151200220536297,-0.304967521229718,0.496687483482776,0.252784272709712,-0.142935016055155,0.623582605296669,-0.00347552208323665,-0.28253872293807,-0.00126317807198816,-0.404562118858736,0.670479580585322,-0.025381059153207,0.0535303050736283,0.331605861738048,-0.495171441590959,-0.180990738176265,-0.154382903182908,-0.0747240438412086,0.408070884201327,-0.313120025464732,-0.0057635983676627,-0.0180618383601112,-0.118500560640671,-0.0173382707104274,0.0177055830720379,0.169430769094032,0.0393243456978376,0.0926130403547925,-0.0375173028413717,-0.0291978475364911,0.042673206183017,-0.0644175315630698,0.0135666365176968,0.015533469975511,0.0246276553270118,0.00861724976707171,6.55725473919233e-16
"33",4.93943334035456,0.611360160545885,-1.83142134338018,3.67083483355891,-0.88530824213755,1.68446182851199,-1.07913459930895,-1.63264461577057,0.104266012506868,-0.0405804106749342,0.562227304929994,-0.337499655391955,0.263424185079205,0.0587750138532234,0.330909765250189,-0.0783854870871142,-0.115724850323203,0.0376499011027472,0.0685793859102897,-0.130450375236144,-0.0886752752041534,-0.0444889443392477,0.0865282268050678,-0.0685983148846395,0.0377707826216002,-0.0365635504361607,0.00155785115376159,-0.00101866503898915,0.038348026970291,0.0145337054246786,-0.0333462923006848,0.00521825849866104,0.00112629590534062,0.036325480828779,-0.00741863579118771,-0.0092084542998613,-0.0087608859384172,0.00479705547360233,0.0059529292203761,-0.00857072765071035,0.00173161063609848,1.99319727389735e-15
"34",-6.08585153248459,0.214745491879745,0.170112039873086,0.0819647491472787,-0.00295170147545507,0.351959567325793,0.0329110422909281,-0.148066446128892,-0.317673152197668,0.607935638931318,-0.499371416672284,-0.245643126274014,0.00441287332462866,-0.319315492334995,0.156091727774818,-0.0911676262898348,-0.179740838953372,0.180847978296111,0.0619312739861283,0.0859902078990375,-0.306483968841319,0.00943636718828224,-0.0878303031672842,0.0738947862971502,0.00669359702202704,-0.0138415876469024,0.000280965508943251,0.364143558510806,-0.0642920567906807,0.0150573231752141,0.104111825659711,-0.0444467674255887,0.0622105452161986,-0.396339195945326,0.00528530894633101,0.00614514636360319,-0.0558043199389368,-0.0998790440508136,-0.0883343733413847,0.0652413856092593,0.0224337926672388,6.05418493115906e-16
"35",12.7533365352296,-1.26787108846746,-0.335666707191314,-0.863671334961662,-1.90353124197471,-1.96844984020174,-0.0820733068269905,-0.653888557962143,0.738804444507859,0.380001168492741,-0.115610033760373,-0.264692957750055,-0.226591601096801,-0.161272622517929,0.220534663955827,0.0451044120754041,-0.0627085777919758,0.109533222835487,-0.155881655204773,-0.00776978352985552,-0.0614857642193719,-0.381712731367197,-0.174876745271489,0.117788383288787,0.0349353338669168,-0.195338303342438,0.183221558151124,0.0367461222790345,-0.122096246380439,-0.0603217213973068,-0.218102314078043,-0.0901750678241765,0.0580753590990441,0.0433410575050333,-0.0202580174966944,0.0095680134292774,0.00452566918426687,0.0153753746143529,0.00495760511161731,0.00643920906717561,0.0111156064635525,5.3776427755281e-16
"36",10.2974324400532,-1.34308426147634,-0.459723819413259,-0.504369836141046,-1.52029088329642,-1.67189406308505,0.109938203870536,-0.868130613035165,0.703830271066238,0.311029920956523,-0.258545238570855,0.0231360040530082,0.115996758489437,0.0513614883948338,-0.126984786854477,-0.0397946584451337,0.184648871887822,0.0867591094193809,0.365012013034092,0.0252370299310059,0.0324035044049886,0.369678710943813,0.186723526543255,-0.122750835837658,-0.0104786228261981,0.263625999892425,-0.191080328053138,-0.0391317855259772,0.138651668942572,0.0526303658892732,0.240542174698951,0.0941036999711126,-0.0785160669877458,-0.0406057190775183,0.00974212787312131,-0.00464449506802116,0.00933607193553275,-0.0290979721887052,-0.0103500835933951,-0.00794012834710852,-0.00975561364296731,-3.33066907387547e-16
"37",10.9488393221756,-0.653715523810678,2.09833909436173,1.72370772507968,2.9387677955819,-1.05910560465052,-0.511190551555064,-0.0812032036822667,0.233612312004293,0.112389204862937,-0.137110417348365,-0.105159709770504,-0.20031082660588,-0.0558311228896873,0.0471763967911532,0.165378086048792,-0.408434091010182,-0.126366915770835,-0.347959300551656,-0.306885432187242,0.2803471457862,0.045450832365757,0.218054855086991,0.115123071709615,0.0117686415185018,0.0848677457131887,-0.00565235777017906,0.172601150142052,-0.00464179631677143,0.00298544824505678,-0.00847061128078458,-0.00379489964827474,-0.169722047749798,-0.0175139238336161,-0.00131357415932058,0.0340000060504628,0.0118154645475043,0.00246694095951437,0.00517645229818208,0.0174915367301068,-0.0102046936208763,7.3899220076612e-16
"38",8.39971525861778,-0.966036747674876,1.95521051280862,1.57863116814667,2.626364084324,-0.777782418183653,-0.443867362935342,-0.0152701437694096,-0.132001478499589,-0.111128584521486,0.0377464150321007,0.145101511515915,0.238148851434252,-0.0892981592980484,-0.0359196372177684,-0.226817271256607,0.386156101053731,0.193279339592039,0.442274730895935,0.413644528726027,-0.283966496839391,-0.0787312963998471,-0.220289411111245,-0.0895260216412692,-0.0343202845204469,-0.0798612621362577,0.0148464204231987,-0.194781453442195,-0.0386525384409379,-0.0144923275737135,-0.00545059729548465,0.0160480655619669,0.176484638782018,0.0133687260165358,-0.000180998006945418,-0.0413932463151212,-0.0119317310730741,-0.00226275609541197,-0.00878932911956769,-0.0148383573944517,0.0137073258262395,7.56339435525888e-16
"39",12.5253099232251,6.50013477993675,-0.280533845167413,-0.585208999705535,0.0811640699084119,-0.260681648311804,0.225893205940732,0.210285224613333,-0.0259310022993454,0.1457933983059,0.139610715895015,-0.016991150826386,-0.130217552850544,-0.260627381393325,0.181483788671332,0.0329773125746369,-0.237253049726216,-0.203827365080193,-0.377161126939754,0.0818739264272638,-0.0649438312128419,-0.113469690960041,-0.150012357084017,-0.246863831893153,-0.0437909276108742,0.0352689575720823,-3.10111055133663e-05,-0.198440145379826,0.11711900806281,0.0218410161641843,0.181683965606745,0.0434503997476514,0.0605722919333023,-0.0654760350142527,0.0137864151149943,-0.0322960342947396,-0.00325281121403075,0.0217883164694295,-0.022666540638934,-0.00871612007967539,-0.0122143103639996,-4.02455846426619e-16
"4",-4.66236164253244,0.118917561219074,1.7215972692993,-0.21140017966074,-0.661865546875347,0.0132200432841536,-0.0804959663921883,-0.39591918630663,-0.359411982051843,-0.43802359104518,0.288598196986051,0.00584353669755278,0.102079965562175,-0.00326652023082777,-0.123957704174376,-0.0103399102598137,0.0138904540531551,0.401532645045433,-0.196097066060683,-0.0159495356509807,0.205341883245999,0.0296711703068305,-0.0770742766589335,0.0519256234004195,0.0286443340855396,0.077635661954793,-0.0599995068996269,-0.100892201964229,-0.0612106583621246,-0.275633791331293,-0.0345354032654522,0.122393837473341,-0.0441438773743932,-0.154497255854321,-0.0289753392571843,0.118546900345637,-0.0644481417044984,0.11286486835129,-0.0708917036290542,-0.233409652741602,0.0979135522280528,4.3454823073219e-16
"40",9.25066238505447,5.37965868496524,-0.350596849082229,-0.658751016672306,0.10529969808356,0.00281481176680718,0.265864469263112,0.145989575885181,-0.222971844529155,-0.10438050025008,-0.0769532938153144,0.0886280836900029,0.349524114041057,0.259615528020108,-0.246471760506383,-0.250139589800991,0.310183959614136,0.220189887001975,0.364313139714326,-0.030096602923834,0.0557248606497735,0.191380909894802,0.188471476139313,0.307317757001119,0.0267676011070007,-0.0513136474733003,-0.0504290056613088,0.217657032688996,-0.137233330722702,-0.00630918664090634,-0.224409397737855,-0.05469068100537,-0.0650425347348697,0.0733593719488819,-0.0128793653115504,0.0294549704297323,0.00444114416220632,-0.0196263656147364,0.0202881253105237,0.00373530195168558,0.00917438756483751,-4.54497550705923e-16
"41",13.4594570327198,-1.82144662145014,0.526632687512859,-1.42702363054661,0.502911520039689,1.51875458456833,1.61854744496158,-0.480489031203567,-0.275709080751542,0.130810624120184,0.33118825373844,0.0197720067453751,-0.0987739699297028,0.0660729773332121,-0.0807748167650141,0.0867218448912077,-0.0316731443338329,-0.0554228108850149,0.0344148593354524,0.0796462137913483,-0.0679020214072315,0.130389525427717,0.129927310321245,0.257319654199131,0.2941377634089,-0.181486271167151,0.251978012131493,-0.156909722790392,0.121830365189247,-0.071169462568899,0.15668679987072,-0.153386369221785,-0.0690250482102779,-0.0538230811660763,0.0082639430668278,-0.0193763505999804,0.0173167534485405,0.0235290494543514,0.00100789585925109,0.00254261865854624,0.000699305497328526,-9.36750677027476e-17
"42",13.1224118432986,-1.91595762969169,0.569562720548566,-1.44255734737289,0.433945499087937,1.45023805845875,1.6574370110117,-0.441282755632463,-0.296421822828942,0.113608418287119,0.237062273238318,-0.054498378156908,-0.0968660705485766,0.124396435840517,-0.0355087484410809,-0.0107034856814979,-0.0294301973046527,-0.094064577107624,-0.0089406701455656,-0.166155425547994,-0.00211712472555789,-0.11984235480299,-0.161310655317553,-0.279071433119694,-0.318440040190206,0.168031855107625,-0.203707338621872,0.167051518142686,-0.127023284145082,0.0657070618501703,-0.15051116532761,0.152854514070741,0.0728973270188723,0.0538468482148238,-0.0131328849498421,0.0127987028755351,-0.0294834253805011,-0.0236141015508533,0.0112670772657548,0.00391087704051637,-0.000225092120099558,-1.19348975147204e-15
"5",-5.32845548257856,0.39844626945508,2.09081954006817,-0.584074718899808,-0.635039820150831,-0.166494159416851,-0.308228173081437,0.298434291395468,0.199301595884418,-0.37860811279183,0.340340784359936,0.346546010384369,-0.465590200388424,0.685850069639525,0.507015298704881,0.0180161111107886,-0.644634552622334,-0.058569521855141,0.25209908726765,0.0486798892769991,-0.531685214467022,0.124951650635025,0.129668454665582,-0.131525282562697,-0.0285554014973321,-0.0413905513716765,0.0120433424829954,-0.0907536596400733,-0.0883599078535453,-0.0483675341849294,-0.0941077538888025,0.0403008010491396,-0.184225930154936,0.0259537228247524,0.0507262473499984,0.0219415364689678,0.00911189646465441,-0.0643424192196437,-0.0196521187290622,0.00903866182976201,-0.0127044860788018,1.06772229946372e-15
"6",-5.90836149782764,0.116950066543758,-0.149322552174015,-0.128312021926698,0.161277461442903,0.220592573736724,0.0475528379168556,-0.0532448452514553,-0.21326214360853,0.468476446919588,-0.397002934955802,-0.377517388779513,-0.118190804118771,-0.191142258319776,0.108403956336511,0.123108304452962,0.0516409771277599,-0.271777288184906,-0.0197602694403517,0.0935255043739909,-0.101442880089935,-0.0599702536513678,0.195670429543794,0.109920617759469,-0.0059124651186515,0.0943189942344851,-0.0709157467476357,-0.1556587942977,-0.184546820460312,0.0757832496287652,0.0140429641603629,0.0202423842083783,-0.0156857908020826,0.0572482939004668,-0.280783825615449,-0.101179462017326,0.249521882140959,-0.0622588290966756,-0.0151220248151519,-0.0644686286446753,0.162593783585891,1.80411241501588e-15
"7",9.76542365494429,-0.746185019409159,-0.452814100568889,-0.790223942365667,-0.346306011927088,1.61671106124277,-1.94024629409914,0.367911905171592,0.481335972038176,-0.769728947128535,-0.932870355789383,0.486116158180286,-0.954856879701761,-0.345584607629461,-0.262378949004583,-0.355369217017777,0.0805036631550189,0.0825601625247492,-0.0092545919409614,0.0678533569112084,0.0409891827346584,-0.0797602230886764,0.0322320046134472,0.0396507230797862,0.00207725886410909,0.0397954495469183,-0.0383728422344398,-0.0073258805819256,0.012332362900062,0.00301116109212603,0.019690059211429,0.00192169524048085,-0.00137069985512992,0.00273554601655762,0.00490713293927052,0.0184840667918547,0.00985752455905798,0.00847187486080678,-0.0062502955192595,-0.0010007709407092,-0.00384110487651455,-5.3256010712488e-16
"8",-4.93608124090085,0.211559490173534,0.74889997805985,0.103054554270892,-0.249357343626459,0.158046646607121,-0.00591342734981874,-0.0197522781154244,-0.319122192055862,0.65978592293779,-0.618590678632873,-0.430002581171105,-0.104184830082129,-0.523096389823106,-0.105280716483106,0.0256985747513572,-0.0330156025665592,-0.242262051497583,0.15147859675624,-0.180592211226737,0.0852618146374939,0.242545116099146,-0.0531653587298476,-0.148253863123303,0.0992428996729635,-0.42386408803165,-0.142205732903241,-0.118724227618034,-0.0889399284043041,-0.0773958696538578,0.0352156009009384,0.151355277484108,-0.0516202267344763,0.139355929465185,0.0445561906308289,0.110900848975682,-0.162076548002171,0.0368053213726769,0.0428524799006052,0.0842819320321418,0.0671085019875431,7.02563007770607e-16
"9",-5.37259039492406,0.0396908478115332,-1.42255650332064,-0.661347725305791,0.929808741499399,0.11322215982873,0.289166625859588,-0.0048985654727941,0.407233145438507,-0.197629469820102,0.0308041660316334,-0.429693004246115,-0.0278320235753493,0.243993837778953,0.418074080112545,0.0830168890857355,0.0724096169147489,0.0164330460640031,0.08532397389378,0.277254651781507,0.319565716199621,-0.285320643130735,0.151091910032695,0.039148602018305,0.113680546941049,0.133546898304386,-0.0774803166301326,-0.15645266948862,-0.0495145764527189,0.108213698999803,0.00981261183585874,-0.0548209599597731,0.0658012444533703,0.00162616605823752,0.165668629264226,0.299312983280122,-0.0206660614869809,-0.122442083284397,-0.0445690716133898,0.0432107351608931,0.0506675316763806,1.87350135405495e-15
